hamid, c02c0b965e023abee808f2b548d8d5193a8b5229be6f3121a6f16e2d41a449b3,0
reza,7dc96f776c8423e57a2785489a3f9c43fb6e756876d6ad9a9cac4aa4e72ec193,1
ali,4814d92093ac8a0f4a2163ab87dee509ba306a58f5888be0edcb2fcd0712028b,2
mohamad,76a8277347f52530e1cf979175a178980b3a180d176165c985d85f7e142f1eed,3
kami,486bacc5c2d8a71a73d51bf8e522deaa264ec2628dca2955da1e9b8e00f21943,4
aki,3c5661974942379614b943d0593e4a5e3f85900ab3fb4ce064725c15ccb93a01,5
hamed,2f5da6e9921baa794759ee9f4b362555bcb3c1646eb51f671253b5d7d710b75e,6
asghar,e1b0acf86b9621b8c13ca17bb2f2a23d662bfa940453d8e897a77e39d9e8bd59,7
eli,92ee93de02ea87db530298f4d66c63984f20a6899019e3dab1a18d2399289140,8
homa,cb440fe2f7ec20d54f4726630cebadb8673965ccb57a64bbeda757842fd26375,9
